1, 1.06532216072
2, 0.121336780488
3, 0.338868200779
4, 0.419377177954
5, 0.15057092905
6, 0.297457933426
7, 0.577385008335
8, 0.420998752117
9, 0.416952013969
10, 0.638932287693
11, 0.776561617851
12, 0.469700366259
13, 0.494347691536
14, 0.290764629841
1, 0.660717904568
2, 0.39354121685
3, 0.324720203876
4, 0.326732128859
5, 0.308421850204
6, 0.331160664558
7, 0.329489141703
8, 0.274743467569
9, 0.240954816341
10, 0.23279440403
11, 0.251560807228
12, 0.231798738241
13, 0.222557723522
14, 0.247207060456
15, 0.2318354249
16, 0.23550888896
17, 0.225243285298
18, 0.219951331615
19, 0.207689315081
20, 0.223146244884
21, 0.222088754177
22, 0.203341141343
23, 0.191909998655
24, 0.204025834799
25, 0.209748536348
26, 0.199600100517
27, 0.224788069725
28, 0.200243130326
29, 0.194381967187
30, 0.190146446228
31, 0.203252315521
32, 0.197772338986
33, 0.180181115866
34, 0.193779274821
35, 0.187553301454
36, 0.18640871346
37, 0.201487749815
38, 0.166409149766
39, 0.174739420414
40, 0.186405941844
41, 0.177950546145
42, 0.180395334959
43, 0.171601906419
44, 0.1629114151
45, 0.162226259708
46, 0.188187673688
47, 0.187361523509
48, 0.179090514779
49, 0.190740987659
50, 0.174583241343
51, 0.163726165891
52, 0.177833378315
53, 0.166688993573
54, 0.162604600191
55, 0.141679525375
56, 0.156981959939
57, 0.175772249699
58, 0.170510321856
59, 0.166415989399
60, 0.144620925188
61, 0.170285090804
62, 0.152470722795
63, 0.146584227681
64, 0.165285140276
65, 0.171812564135
66, 0.168409690261
67, 0.164652168751
68, 0.162617847323
69, 0.156218901277
70, 0.174355298281
71, 0.16921107471
72, 0.165117397904
73, 0.15457983315
74, 0.162346944213
75, 0.146069347858
76, 0.145528391004
77, 0.157740324736
78, 0.148264050484
79, 0.154711514711
80, 0.153500914574
81, 0.142605885863
82, 0.143974050879
83, 0.139284044504
84, 0.154950216413
85, 0.148458018899
86, 0.167101725936
87, 0.144631609321
88, 0.138790309429
89, 0.146078363061
90, 0.143040761352
91, 0.148448064923
92, 0.148057177663
93, 0.140128239989
94, 0.132546171546
95, 0.146819800138
96, 0.151665151119
97, 0.136964097619
98, 0.152303144336
99, 0.142515510321
100, 0.136243924499
101, 0.138513356447
102, 0.129335522652
103, 0.133674681187
104, 0.137514770031
105, 0.136152803898
106, 0.130205437541
107, 0.144044101238
108, 0.130109339952
109, 0.119615115225
110, 0.13147726655
111, 0.129778027534
112, 0.141286686063
113, 0.150688707829
114, 0.136094793677
115, 0.128845185041
116, 0.142405867577
117, 0.130680844188
118, 0.155351057649
119, 0.144157230854
120, 0.127061679959
121, 0.137001410127
122, 0.136766314507
123, 0.151329576969
124, 0.136242195964
125, 0.134521335363
126, 0.131655797362
127, 0.120470039546
128, 0.148036211729
129, 0.132291033864
130, 0.131090074778
131, 0.122991263866
132, 0.141748845577
133, 0.123155504465
134, 0.138558700681
135, 0.137408614159
136, 0.138623580337
137, 0.123476602137
138, 0.132539495826
139, 0.131078824401
140, 0.128381177783
141, 0.158511072397
142, 0.138313874602
143, 0.121412269771
144, 0.129018649459
145, 0.125907093287
146, 0.139692008495
147, 0.128470614552
148, 0.133358255029
149, 0.142311125994
150, 0.126434385777
151, 0.128389149904
152, 0.138590231538
153, 0.126445651054
154, 0.124627202749
155, 0.133725449443
156, 0.141128957272
157, 0.125123813748
158, 0.134751021862
159, 0.128918915987
160, 0.13321827352
161, 0.126456603408
162, 0.127647846937
163, 0.120009936392
164, 0.116258956492
165, 0.125412046909
166, 0.110620073974
167, 0.132871448994
168, 0.119158163667
169, 0.130672186613
170, 0.123494245112
171, 0.126697197556
172, 0.126613929868
173, 0.127556279302
174, 0.124027840793
175, 0.119378425181
176, 0.132504835725
177, 0.11769644171
178, 0.107817985117
179, 0.135075598955
180, 0.125656023622
181, 0.12101944536
182, 0.114948615432
183, 0.117269814014
184, 0.118204057217
185, 0.118532553315
186, 0.11572188139
187, 0.132376164198
188, 0.115937121212
189, 0.124125577509
190, 0.106429435313
191, 0.112892620265
192, 0.120306812227
193, 0.10839137435
194, 0.100598365068
195, 0.109940104187
196, 0.117614619434
197, 0.113665774465
198, 0.120887562633
199, 0.115891948342
200, 0.116049855947
201, 0.119725994766
202, 0.113725915551
203, 0.119940660894
204, 0.120121210814
205, 0.117309652269
206, 0.120527505875
207, 0.112296782434
208, 0.129188865423
209, 0.114361763
210, 0.109761208296
211, 0.124714106321
212, 0.118952706456
213, 0.113808862865
214, 0.120514497161
215, 0.125680431724
216, 0.108090788126
217, 0.119779057801
218, 0.120158940554
219, 0.116745166481
220, 0.115873880684
221, 0.104733042419
222, 0.121003568172
223, 0.118903845549
224, 0.104643516243
225, 0.116132840514
226, 0.120694160461
227, 0.106724657118
228, 0.104017488658
229, 0.113117031753
230, 0.104865141213
231, 0.118658974767
232, 0.107994183898
233, 0.125007867813
234, 0.110410422087
235, 0.094421967864
236, 0.102806195617
237, 0.122017607093
238, 0.123903982341
239, 0.104742303491
240, 0.114356853068
241, 0.113054178655
242, 0.133851125836
243, 0.110305041075
244, 0.111945107579
245, 0.110202424228
246, 0.117942102253
247, 0.112143479288
248, 0.105271883309
249, 0.105872564018
250, 0.107106387615
251, 0.111455075443
252, 0.110299400985
253, 0.106097094715
254, 0.101851120591
255, 0.107381775975
256, 0.105751574039
257, 0.102667026222
258, 0.112343892455
259, 0.104423433542
260, 0.118713058531
261, 0.10599347949
262, 0.0989555045962
263, 0.112766973674
264, 0.118686258793
265, 0.117221824825
266, 0.106415115297
267, 0.118754722178
268, 0.108797594905
269, 0.10047840327
270, 0.11741977185
271, 0.110167630017
272, 0.106540575624
273, 0.104372054338
274, 0.0978495180607
275, 0.11467140168
276, 0.10572398454
277, 0.105252563953
278, 0.117087252438
279, 0.0984463393688
280, 0.109788402915
281, 0.10273271054
282, 0.102628849447
283, 0.109283916652
284, 0.107814379036
285, 0.109886817634
286, 0.102053120732
287, 0.11441744864
288, 0.110108457506
289, 0.11166023463
290, 0.106592856348
291, 0.11398857832
292, 0.11687105149
293, 0.0983161106706
294, 0.111714228988
295, 0.0992816761136
296, 0.109338983893
297, 0.106440246105
298, 0.106023155153
299, 0.108250625432
300, 0.100704282522
301, 0.112490691245
302, 0.10137733072
303, 0.106848672032
304, 0.113413333893
305, 0.0999611094594
306, 0.102871365845
307, 0.113904699683
308, 0.107634939253
309, 0.105003528297
310, 0.0927257537842
311, 0.0950626507401
312, 0.100399315357
313, 0.0983998700976
314, 0.102334439754
315, 0.0946511775255
316, 0.0979985669255
317, 0.0963341891766
318, 0.100304253399
319, 0.0957767143846
320, 0.100970931351
321, 0.106985412538
322, 0.109604641795
323, 0.0949278846383
324, 0.0934497714043
325, 0.0984660759568
326, 0.109276615083
327, 0.0982208326459
328, 0.102819338441
329, 0.102968133986
330, 0.0994475707412
331, 0.100409120321
332, 0.0993294045329
333, 0.105490073562
334, 0.0966345891356
335, 0.09736071527
336, 0.102186173201
337, 0.108213089406
338, 0.105959452689
339, 0.0981901213527
340, 0.102458760142
341, 0.101308211684
342, 0.0970088988543
343, 0.0916098877788
344, 0.0956353470683
345, 0.097469009459
346, 0.0955279991031
347, 0.0852516666055
348, 0.103492975235
349, 0.0935161188245
350, 0.100860454142
351, 0.100183837116
352, 0.105509243906
353, 0.0913261026144
354, 0.093344271183
355, 0.0977727547288
356, 0.102752111852
357, 0.107743926346
358, 0.104548409581
359, 0.0994820967317
360, 0.0991596281528
361, 0.108589932323
362, 0.0983481928706
363, 0.105014801025
364, 0.0941611230373
365, 0.104559242725
366, 0.0988929793239
367, 0.0924401730299
368, 0.102123506367
369, 0.0930797979236
370, 0.0901060402393
371, 0.0995687022805
372, 0.106844395399
373, 0.10079241544
374, 0.106395155191
375, 0.0953007563949
376, 0.110475219786
377, 0.105866573751
378, 0.0952944308519
379, 0.106823548675
380, 0.0857406929135
381, 0.0991887077689
382, 0.0970198214054
383, 0.104562655091
384, 0.0992982834578
385, 0.104446806014
386, 0.0997566506267
387, 0.103845156729
388, 0.0998385772109
389, 0.0967476218939
390, 0.0996879264712
391, 0.102256387472
392, 0.105769999325
393, 0.0970471873879
394, 0.0944342538714
395, 0.107205815613
396, 0.0977881625295
397, 0.0840702578425
398, 0.092267125845
399, 0.0937874391675
400, 0.0928730890155
401, 0.10469058156
402, 0.0934240221977
403, 0.0966773554683
404, 0.09919680655
405, 0.102343782783
406, 0.100999690592
407, 0.0920289158821
408, 0.0960566103458
409, 0.0971436947584
410, 0.0887798219919
411, 0.104502916336
412, 0.109291300178
413, 0.0882989764214
414, 0.102850012481
415, 0.102561615407
416, 0.101142756641
417, 0.093957811594
418, 0.0908157154918
419, 0.0852132886648
420, 0.0942658558488
421, 0.0935363918543
422, 0.104155220091
423, 0.100535482168
424, 0.0889370366931
425, 0.0964470952749
426, 0.092782124877
427, 0.0958607122302
428, 0.107970327139
429, 0.0958635360003
430, 0.10486561805
431, 0.0981996431947
432, 0.0925152674317
433, 0.0949223712087
434, 0.0944021865726
435, 0.094479419291
436, 0.0898161381483
437, 0.0967911630869
438, 0.0945485085249
439, 0.0881894156337
440, 0.100270524621
441, 0.0984902083874
442, 0.0926098674536
443, 0.0951560437679
444, 0.0931344851851
445, 0.092115290463
446, 0.0999904349446
447, 0.100299835205
448, 0.100834548473
449, 0.0988136455417
450, 0.0980905815959
451, 0.10494016856
452, 0.0984884276986
453, 0.0935522466898
454, 0.102588228881
455, 0.0920328199863
456, 0.0938080623746
457, 0.105293482542
458, 0.0958361253142
459, 0.0967953503132
460, 0.0926253348589
461, 0.100059255958
462, 0.0971076339483
463, 0.0933165922761
464, 0.0932547673583
465, 0.0975117385387
466, 0.10321303457
467, 0.0938520878553
468, 0.0907051488757
469, 0.0966926589608
470, 0.0856594070792
471, 0.0938700810075
472, 0.0885877981782
473, 0.0870723873377
474, 0.102816455066
475, 0.107034884393
476, 0.107199296355
477, 0.0993251800537
478, 0.095435410738
479, 0.0950095355511
480, 0.0923611968756
481, 0.0962086766958
482, 0.087554037571
483, 0.0737234205008
484, 0.0925109684467
485, 0.100064240396
486, 0.0992773398757
487, 0.0973606184125
488, 0.091199606657
489, 0.0942757725716
490, 0.0970711559057
491, 0.084717027843
492, 0.0888793841004
493, 0.104808427393
494, 0.0989887416363
495, 0.0943836793303
496, 0.0953321009874
497, 0.0983986333013
498, 0.0921149179339
499, 0.0948832333088
500, 0.0884356796741
501, 0.0921595543623
502, 0.0971824526787
503, 0.0960488468409
504, 0.0897572487593
505, 0.0934049263597
506, 0.0908866226673
507, 0.100741878152
508, 0.0916883796453
509, 0.0963969528675
510, 0.0918532684445
511, 0.0878817439079
512, 0.100318290293
513, 0.0921813100576
514, 0.084802903235
515, 0.100746564567
516, 0.099819175899
517, 0.0951825454831
518, 0.0844339430332
519, 0.086193986237
520, 0.0951795428991
521, 0.0879834145308
522, 0.0897976830602
523, 0.0938027277589
524, 0.0811826363206
525, 0.0915993377566
526, 0.0934386923909
527, 0.0880539268255
528, 0.087907589972
529, 0.0968439429998
530, 0.0853678062558
531, 0.0862009599805
532, 0.091462880373
533, 0.0831829532981
534, 0.096891246736
535, 0.0845005661249
536, 0.0928949415684
537, 0.0949509963393
538, 0.0878038108349
539, 0.0927647277713
540, 0.102307088673
541, 0.0858099535108
542, 0.0954697132111
543, 0.0878037139773
544, 0.0941388681531
545, 0.0862238109112
546, 0.0845788344741
547, 0.111696280539
548, 0.0936753824353
549, 0.093594789505
550, 0.0858598574996
551, 0.09789724648
552, 0.0832847431302
553, 0.0902251303196
554, 0.0812155753374
555, 0.0803570896387
556, 0.087791390717
557, 0.0971892774105
558, 0.0925551056862
559, 0.0850637406111
560, 0.0881088301539
561, 0.0892538502812
562, 0.0796958580613
563, 0.0930096283555
564, 0.0846386253834
565, 0.0909544304013
566, 0.0890352725983
567, 0.0987808257341
568, 0.0962718129158
569, 0.111300982535
570, 0.0826789960265
571, 0.0929279774427
572, 0.0852371528745
573, 0.0895001962781
574, 0.0902347117662
575, 0.0966430231929
576, 0.0930255800486
577, 0.0861011445522
578, 0.105903640389
579, 0.0903003811836
580, 0.0934291407466
581, 0.0846210792661
582, 0.095380820334
583, 0.0827496722341
584, 0.0825716331601
585, 0.0995089486241
586, 0.095359608531
587, 0.106939949095
588, 0.0921288356185
589, 0.0928566381335
590, 0.0847338214517
591, 0.0958032608032
592, 0.095927067101
593, 0.0883451923728
594, 0.0991577580571
595, 0.103244870901
596, 0.0971781164408
597, 0.0932849571109
598, 0.0902435705066
599, 0.101250067353
600, 0.100324645638
601, 0.0832536146045
602, 0.0887651443481
603, 0.0905935838819
604, 0.0875132754445
605, 0.0842942893505
606, 0.0901204571128
607, 0.0881055369973
608, 0.0841244533658
609, 0.0897035598755
610, 0.0897636562586
611, 0.095885746181
612, 0.0885297358036
613, 0.0872466489673
614, 0.0900107696652
615, 0.0902781486511
616, 0.0941631346941
617, 0.0892858579755
618, 0.0829225704074
619, 0.0945081114769
620, 0.0904608443379
621, 0.0963638722897
622, 0.0962248519063
623, 0.0788663849235
624, 0.09150198102
625, 0.0851992294192
626, 0.0854437798262
627, 0.078420676291
628, 0.0907217562199
629, 0.0913014039397
630, 0.100313551724
631, 0.0984903424978
632, 0.0845596194267
633, 0.0886669233441
634, 0.0910287573934
635, 0.0812427550554
636, 0.0852882564068
637, 0.0923903435469
638, 0.0810451507568
639, 0.0884283110499
640, 0.0926839783788
641, 0.0912986621261
642, 0.0776106789708
643, 0.0804722607136
644, 0.0867439582944
645, 0.0909711048007
646, 0.0903761312366
647, 0.0872296467423
648, 0.0931897982955
649, 0.0802134200931
650, 0.0791783407331
651, 0.0850307866931
652, 0.0912599563599
653, 0.101942583919
654, 0.0914429202676
655, 0.0776175186038
656, 0.0924000665545
657, 0.0911734178662
658, 0.0839710608125
659, 0.083631195128
660, 0.082291610539
661, 0.0886607170105
662, 0.0794333443046
663, 0.0939337387681
664, 0.0835085511208
665, 0.0915432870388
666, 0.0905500054359
667, 0.0896206721663
668, 0.0838557109237
669, 0.0872893631458
670, 0.0816687196493
671, 0.0758461281657
672, 0.0858821794391
673, 0.0834456607699
674, 0.0779945254326
675, 0.0885714143515
676, 0.0847326144576
677, 0.0900465846062
678, 0.0967146381736
679, 0.0774386227131
680, 0.0792288854718
681, 0.085351318121
682, 0.0837418958545
683, 0.0851569250226
684, 0.0883460715413
685, 0.0943387001753
686, 0.0858247280121
687, 0.0879586115479
688, 0.102272838354
689, 0.0841660872102
690, 0.0996355563402
691, 0.0949231237173
692, 0.0825233608484
693, 0.0992950722575
694, 0.0926761552691
695, 0.0789627507329
696, 0.0987007245421
697, 0.0881132557988
698, 0.0920802280307
699, 0.0869465395808
700, 0.0869193673134
701, 0.0963887125254
702, 0.0891414508224
703, 0.077425159514
704, 0.0869342386723
705, 0.0832109302282
706, 0.0876722037792
707, 0.0818232819438
708, 0.0891686975956
709, 0.0905258953571
710, 0.0803627893329
711, 0.0865291729569
712, 0.100722923875
713, 0.0955272018909
714, 0.0913313776255
715, 0.0809414982796
716, 0.0889437645674
717, 0.0840785652399
718, 0.0861358121037
719, 0.0893192142248
720, 0.0866801738739
721, 0.0857385471463
722, 0.0893165618181
723, 0.080891571939
724, 0.083222091198
725, 0.0815857574344
726, 0.0940960049629
727, 0.0859165862203
728, 0.0856224447489
729, 0.0879458338022
730, 0.0987984612584
731, 0.0749856829643
732, 0.0826353877783
733, 0.0926082581282
734, 0.090529486537
735, 0.0789305046201
736, 0.0862414762378
737, 0.0891096442938
738, 0.0881149619818
739, 0.0868638008833
740, 0.0828358829021
741, 0.0759661570191
742, 0.0857188403606
743, 0.0807167813182
744, 0.0757358372211
745, 0.100065022707
746, 0.0869584232569
747, 0.0961687862873
748, 0.103127814829
749, 0.0882644280791
750, 0.0930121913552
751, 0.0818625837564
752, 0.0914521068335
753, 0.0874609276652
754, 0.0852382332087
755, 0.0781200379133
756, 0.0727847218513
757, 0.0845977813005
758, 0.0859307572246
759, 0.0862843096256
760, 0.0965145677328
761, 0.0791330784559
762, 0.0883474871516
763, 0.0932962298393
764, 0.0821625068784
765, 0.0800551846623
766, 0.103916198015
767, 0.0838856399059
768, 0.083387799561
769, 0.0884547159076
770, 0.0905521512032
771, 0.0970606654882
772, 0.0954083055258
773, 0.0927411541343
774, 0.0920877084136
775, 0.0957605391741
776, 0.0879515334964
777, 0.0881519168615
778, 0.0898085311055
779, 0.101740941405
780, 0.0963255092502
781, 0.100498661399
782, 0.0878116115928
783, 0.0857074186206
784, 0.088309392333
785, 0.100362509489
786, 0.087633818388
787, 0.0917861163616
788, 0.0919225513935
789, 0.0950297415257
790, 0.0814324095845
791, 0.101810224354
792, 0.0897387564182
793, 0.0940221920609
794, 0.0853217542171
795, 0.0877561047673
796, 0.0863535106182
797, 0.0846824944019
798, 0.0942688137293
799, 0.0845318734646
800, 0.0868460461497
801, 0.0972068980336
802, 0.0927905589342
803, 0.0997435376048
804, 0.0922996327281
805, 0.101861543953
806, 0.0998892858624
807, 0.0899737775326
808, 0.0801944360137
809, 0.0839384421706
810, 0.0996633693576
811, 0.0882164910436
812, 0.0822263285518
813, 0.0940792858601
814, 0.0944557785988
815, 0.0938924849033
816, 0.0880236774683
817, 0.0755402371287
818, 0.0911050215364
819, 0.0792693272233
820, 0.0941919237375
821, 0.0941643193364
822, 0.0851214453578
823, 0.0948186963797
824, 0.0881611257792
825, 0.0948646664619
826, 0.0849655121565
827, 0.0869669243693
828, 0.0910220965743
829, 0.0951838120818
830, 0.0830843895674
831, 0.080352768302
832, 0.0910239294171
833, 0.0841830149293
834, 0.0874218568206
835, 0.0871362835169
836, 0.0882854089141
837, 0.0951039195061
838, 0.0764693170786
839, 0.096813686192
840, 0.08487893641
841, 0.0951283872128
842, 0.0868754908442
843, 0.0957876518369
844, 0.101936586201
845, 0.0857565551996
846, 0.0996959134936
847, 0.0858179926872
848, 0.0928485989571
849, 0.0923622101545
850, 0.0832989886403
851, 0.0874339714646
852, 0.0951789245009
853, 0.0905053690076
854, 0.0852957814932
855, 0.084026157856
856, 0.0833854302764
857, 0.0944072678685
858, 0.0906081795692
859, 0.0904975533485
860, 0.0833201482892
861, 0.0837030261755
862, 0.0896552726626
863, 0.0796676576138
864, 0.0807162597775
865, 0.0784533396363
866, 0.0850165858865
867, 0.0915603712201
868, 0.0817314013839
869, 0.0874814689159
870, 0.0859735459089
871, 0.0864021852612
872, 0.101179413497
873, 0.0917138159275
874, 0.0887723043561
875, 0.0858534425497
876, 0.0972087979317
877, 0.0751633942127
878, 0.0923269093037
879, 0.0928289368749
880, 0.0842085555196
881, 0.086532227695
882, 0.0894205644727
883, 0.102349601686
884, 0.0774901583791
885, 0.0949756503105
886, 0.0903291255236
887, 0.0822529494762
888, 0.0842020660639
889, 0.096916668117
890, 0.0888293460011
891, 0.0821826830506
892, 0.0934626758099
893, 0.0877175182104
894, 0.0917377024889
895, 0.0826476588845
896, 0.0916578173637
897, 0.0847445651889
898, 0.0924010649323
899, 0.0818659812212
900, 0.0924464836717
901, 0.0829090252519
902, 0.0848452970386
903, 0.0897491276264
904, 0.0805918574333
905, 0.0924342274666
906, 0.0796218886971
907, 0.0996348336339
908, 0.0800075009465
909, 0.0832481533289
910, 0.0813303291798
911, 0.0944628715515
912, 0.0938323810697
913, 0.089387409389
914, 0.084927469492
915, 0.0854904204607
916, 0.0849145278335
917, 0.0967802852392
918, 0.0846426188946
919, 0.0867680087686
920, 0.0828766673803
921, 0.0854105502367
922, 0.088634185493
923, 0.0775603950024
924, 0.0909485667944
925, 0.089423596859
926, 0.0836274325848
927, 0.0779603421688
928, 0.0905197262764
929, 0.109788641334
930, 0.0925391539931
931, 0.0858187004924
932, 0.0879920646548
933, 0.0911804065108
934, 0.0985791087151
935, 0.0828838273883
936, 0.0828092098236
937, 0.0856183022261
938, 0.0908202454448
939, 0.0880896002054
940, 0.0838645473123
941, 0.0812277421355
942, 0.0933538302779
943, 0.0858052447438
944, 0.0828025639057
945, 0.0979267209768
946, 0.0892081409693
947, 0.0902449116111
948, 0.0890437737107
949, 0.0844825655222
950, 0.0885347798467
951, 0.0856625065207
952, 0.0722174942493
953, 0.0838187113404
954, 0.0908058956265
955, 0.0861045867205
956, 0.0850137397647
957, 0.0838363990188
958, 0.0815689116716
959, 0.0877398923039
960, 0.0991916954517
961, 0.0868388786912
962, 0.0834833756089
963, 0.0821801349521
964, 0.0823504850268
965, 0.0978551357985
966, 0.0839497148991
967, 0.0911076441407
968, 0.072547070682
969, 0.0902803242207
970, 0.0852733775973
971, 0.085380345583
972, 0.0884407684207
973, 0.0917277410626
974, 0.0926936194301
975, 0.0783760473132
976, 0.0720150843263
977, 0.093882329762
978, 0.0843739435077
979, 0.0782173573971
980, 0.095057927072
981, 0.0974143370986
982, 0.0931504443288
983, 0.0943960621953
984, 0.0764824897051
985, 0.0894108712673
986, 0.0865623503923
987, 0.100257836282
988, 0.0823676288128
989, 0.0843808948994
990, 0.0884515345097
991, 0.0777722969651
992, 0.0896858349442
993, 0.0991727486253
994, 0.0995207503438
995, 0.0948258787394
996, 0.0733032897115
997, 0.0834900289774
998, 0.0837536528707
999, 0.0904469415545
1000, 0.0912450477481
1001, 0.0932258665562
1002, 0.0911868736148
1003, 0.0836110413074
1004, 0.0858565419912
1005, 0.0857370495796
1006, 0.0849471092224
1007, 0.0936308428645
1008, 0.0890744104981
1009, 0.0828153267503
1010, 0.0937779471278
1011, 0.0825000703335
1012, 0.0961512625217
1013, 0.083504088223
1014, 0.0866978690028
1015, 0.0903790518641
1016, 0.0823708698153
1017, 0.083050660789
1018, 0.0839342102408
1019, 0.0913047119975
1020, 0.0847104713321
1021, 0.0801482722163
1022, 0.088978163898
1023, 0.0786391571164
1024, 0.0879927203059
1025, 0.0844268277287
1026, 0.091346219182
1027, 0.0856833830476
1028, 0.0991835966706
1029, 0.0828749835491
1030, 0.0848026126623
1031, 0.0904472395778
1032, 0.0733182951808
1033, 0.0870431363583
1034, 0.0843905732036
1035, 0.082241743803
1036, 0.088963277638
1037, 0.0838253423572
1038, 0.0882940292358
1039, 0.0861643701792
1040, 0.0889897048473
1041, 0.0837824940681
1042, 0.0900342389941
1043, 0.0836805328727
1044, 0.0790214091539
1045, 0.0871611684561
1046, 0.0909488871694
1047, 0.0864732190967
1048, 0.0968180671334
1049, 0.0876024141908
1050, 0.0851338878274
1051, 0.0886051282287
1052, 0.0838691592216
1053, 0.0826652497053
1054, 0.0838360637426
1055, 0.0910865291953
1056, 0.0794788822532
1057, 0.0805492922664
1058, 0.0862121656537
1059, 0.0798665061593
1060, 0.0843407735229
1061, 0.0918981134892
1062, 0.0857612788677
1063, 0.0817210823298
1064, 0.076228953898
1065, 0.0787238776684
1066, 0.0898752063513
1067, 0.0848275274038
1068, 0.0762801617384
1069, 0.0927788391709
1070, 0.0793394520879
1071, 0.0845718383789
1072, 0.087079398334
1073, 0.09584826231
1074, 0.0821302011609
1075, 0.0896563827991
1076, 0.0810086280107
1077, 0.0890461876988
1078, 0.0743568465114
1079, 0.0947800502181
1080, 0.0829576402903
1081, 0.0885231569409
1082, 0.0859487205744
1083, 0.0821015462279
1084, 0.0823790952563
1085, 0.0991628021002
1086, 0.0809305980802
1087, 0.0906991586089
1088, 0.0830170288682
1089, 0.0866136699915
1090, 0.0857402905822
1091, 0.0896376669407
1092, 0.0899285674095
1093, 0.0971029624343
1094, 0.0808848291636
1095, 0.0983157753944
1096, 0.0925214961171
1097, 0.0842308700085
1098, 0.0793390125036
1099, 0.0954751074314
1100, 0.0902835950255
1101, 0.0784726664424
1102, 0.0899245664477
1103, 0.0890685617924
1104, 0.0779576227069
1105, 0.0908669754863
1106, 0.0893006846309
1107, 0.0833216756582
1108, 0.0861146450043
1109, 0.0923319011927
1110, 0.0836118981242
1111, 0.0831833407283
1112, 0.0759579986334
1113, 0.082302980125
1114, 0.0953736826777
1115, 0.0842282772064
1116, 0.0888415798545
1117, 0.0874307230115
1118, 0.0820551738143
1119, 0.0875933021307
1120, 0.0809914767742
1121, 0.101290911436
1122, 0.0806589499116
1123, 0.0857042446733
1124, 0.0823754891753
1125, 0.0922998562455
1126, 0.0958979055285
1127, 0.0783482864499
1128, 0.0838992893696
1129, 0.0856678783894
1130, 0.0842310488224
1131, 0.0912348181009
1132, 0.0893748924136
1133, 0.09061601758
1134, 0.0863616541028
1135, 0.099683240056
1136, 0.0866009891033
1137, 0.088104583323
1138, 0.09229952842
1139, 0.0881872102618
1140, 0.0972048118711
1141, 0.0916210785508
1142, 0.0929622799158
1143, 0.0954596102238
1144, 0.0767019093037
1145, 0.0773898735642
1146, 0.0901585668325
1147, 0.084599532187
1148, 0.0874605104327
1149, 0.0916332677007
1150, 0.0899016559124
1151, 0.08355294168
1152, 0.0833553224802
1153, 0.0923225432634
1154, 0.0798971280456
1155, 0.0927694886923
1156, 0.0832351148129
1157, 0.0799617245793
1158, 0.0929008796811
1159, 0.0788456127048
1160, 0.0825710445642
1161, 0.0821834653616
1162, 0.0867295637727
1163, 0.0923215672374
1164, 0.0954797267914
1165, 0.0837217494845
1166, 0.0897069349885
1167, 0.0889392793179
1168, 0.0951482728124
1169, 0.0837619677186
1170, 0.0893145874143
1171, 0.0863757431507
1172, 0.0867090821266
1173, 0.0821844562888
1174, 0.0871671959758
1175, 0.0883012935519
1176, 0.0856810510159
1177, 0.0818407610059
1178, 0.0799610167742
1179, 0.0840406939387
1180, 0.0807252302766
1181, 0.0756109058857
1182, 0.0861981809139
1183, 0.0885527431965
1184, 0.0846621617675
1185, 0.0824477523565
1186, 0.0796983838081
1187, 0.0814572423697
1188, 0.0753072425723
1189, 0.089877076447
1190, 0.0836752280593
1191, 0.0907544121146
1192, 0.0908413752913
1193, 0.0862825885415
1194, 0.0773413851857
1195, 0.0822895988822
1196, 0.0876604616642
1197, 0.0903009027243
1198, 0.0810280814767
1199, 0.0789440721273
1200, 0.0832697972655
1201, 0.0896332636476
1202, 0.0836793929338
1203, 0.0861316397786
1204, 0.0845655351877
1205, 0.0871604308486
1206, 0.0737772583961
1207, 0.0789111554623
1208, 0.0762787386775
1209, 0.0787026956677
1210, 0.0781402438879
1211, 0.0947078093886
1212, 0.0893319547176
1213, 0.0727519541979
1214, 0.0884943529963
1215, 0.0855452567339
1216, 0.0902767106891
1217, 0.0764074474573
1218, 0.0851939842105
1219, 0.0819274410605
1220, 0.0894852131605
1221, 0.0898005440831
1222, 0.0872320234776
1223, 0.0825152993202
1224, 0.0804772302508
1225, 0.0852941870689
1226, 0.0942120030522
1227, 0.0829569324851
1228, 0.0821905732155
1229, 0.0779223963618
1230, 0.0829820632935
1231, 0.0784305036068
1232, 0.0931361243129
1233, 0.0784002691507
1234, 0.0805298611522
1235, 0.0827464237809
1236, 0.0867614671588
1237, 0.0834910050035
1238, 0.0804979130626
1239, 0.079672537744
1240, 0.0770762115717
1241, 0.075117379427
1242, 0.0807220414281
1243, 0.0796082094312
1244, 0.0845902562141
1245, 0.087490208447
1246, 0.0759215056896
1247, 0.0824621096253
1248, 0.0844489261508
1249, 0.0864986255765
1250, 0.0769152566791
1251, 0.0761835202575
1252, 0.0784830898046
1253, 0.0820013061166
1254, 0.0782895386219
1255, 0.0933890342712
1256, 0.0841818675399
1257, 0.0821541920304
1258, 0.0834390074015
1259, 0.0903217867017
1260, 0.0877065733075
1261, 0.0908848419785
1262, 0.0812336057425
1263, 0.0848173797131
1264, 0.0816418156028
1265, 0.0840518549085
1266, 0.0806801617146
1267, 0.0876033380628
1268, 0.0881367623806
1269, 0.0924116224051
1270, 0.0874236151576
1271, 0.084498912096
1272, 0.0800918415189
1273, 0.077987164259
1274, 0.0825204998255
1275, 0.0870826095343
1276, 0.0840346738696
1277, 0.0761373564601
1278, 0.0792398825288
1279, 0.0802090018988
1280, 0.0821903795004
1281, 0.0816026777029
1282, 0.0798894837499
1283, 0.0896260887384
1284, 0.0811195224524
1285, 0.0829676985741
1286, 0.0821713805199
1287, 0.0873513743281
1288, 0.0781388804317
1289, 0.0817023813725
1290, 0.089027389884
1291, 0.0945479571819
1292, 0.0908287465572
1293, 0.0878323689103
1294, 0.0880715027452
1295, 0.080819927156
1296, 0.0846453532577
1297, 0.0905757322907
1298, 0.0759757235646
1299, 0.0908060744405
1300, 0.0824381038547
1301, 0.0835256204009
1302, 0.0840332955122
1303, 0.0861730054021
1304, 0.0862835422158
1305, 0.0862486809492
1306, 0.0767910033464
1307, 0.0771855413914
1308, 0.0781021416187
1309, 0.0788824036717
1310, 0.0790172293782
1311, 0.0916443839669
1312, 0.0871242955327
1313, 0.0828382596374
1314, 0.0887193754315
1315, 0.0895902439952
1316, 0.0935883522034
1317, 0.0827085450292
1318, 0.0867293030024
1319, 0.0830906555057
1320, 0.0772783234715
1321, 0.0877611041069
1322, 0.0815794020891
1323, 0.0808617547154
1324, 0.0796188935637
1325, 0.0776141285896
1326, 0.0879087597132
1327, 0.0866557434201
1328, 0.0890528857708
1329, 0.084401614964
1330, 0.0779475197196
1331, 0.0883707180619
1332, 0.0834838226438
1333, 0.074919231236
1334, 0.0811609327793
1335, 0.0913015753031
1336, 0.0958168655634
1337, 0.0902723893523
1338, 0.0949155911803
1339, 0.0814144611359
1340, 0.0804243385792
1341, 0.0845159441233
1342, 0.0907369628549
1343, 0.0866081863642
1344, 0.0906595289707
1345, 0.0833436027169
1346, 0.0889378115535
1347, 0.0834966599941
1348, 0.0879358351231
1349, 0.0891380682588
1350, 0.0790177881718
1351, 0.0837468579412
1352, 0.0808701142669
1353, 0.0976374745369
1354, 0.082986086607
1355, 0.0786282047629
1356, 0.0852179229259
1357, 0.0828185528517
1358, 0.0827956497669
1359, 0.0868767276406
1360, 0.0904246941209
1361, 0.0808767601848
1362, 0.0788672342896
1363, 0.0950395464897
1364, 0.0818474963307
1365, 0.0938392803073
1366, 0.0855354443192
1367, 0.0913455858827
1368, 0.0827260538936
1369, 0.0884703099728
1370, 0.0769007578492
1371, 0.0836384221911
1372, 0.0804065614939
1373, 0.0991443693638
1374, 0.083311855793
1375, 0.0887600779533
1376, 0.0785563662648
1377, 0.0893950015306
1378, 0.093961186707
1379, 0.0874838680029
1380, 0.0988914296031
1381, 0.0827186182141
1382, 0.0820347592235
1383, 0.0909952521324
1384, 0.0831359997392
1385, 0.0865740254521
1386, 0.0874602124095
1387, 0.0795858949423
1388, 0.0836366564035
1389, 0.0855321884155
1390, 0.081810079515
1391, 0.0769592449069
1392, 0.0882050395012
1393, 0.089607425034
1394, 0.0877078846097
1395, 0.0825363695621
1396, 0.0895679146051
1397, 0.0850348174572
1398, 0.100898824632
1399, 0.0896878093481
1400, 0.0886372253299
1401, 0.0931484103203
1402, 0.0894426181912
1403, 0.088044308126
1404, 0.095901787281
1405, 0.0895284637809
1406, 0.0865366533399
1407, 0.0831993967295
1408, 0.0865944549441
1409, 0.0815245136619
1410, 0.0820221379399
1411, 0.0840847492218
1412, 0.0823120176792
1413, 0.0755370557308
1414, 0.0769606158137
1415, 0.083580955863
1416, 0.0863481387496
1417, 0.0885207056999
1418, 0.0848067179322
1419, 0.0797452032566
1420, 0.0826121047139
1421, 0.0882540643215
1422, 0.0771026611328
1423, 0.083365984261
1424, 0.0873555764556
1425, 0.0828196555376
1426, 0.0828866362572
1427, 0.0922434926033
1428, 0.0740344598889
1429, 0.0806407034397
1430, 0.0736978724599
1431, 0.0803643390536
1432, 0.0880844146013
1433, 0.0789425000548
1434, 0.0923953875899
1435, 0.0827310681343
1436, 0.0824333131313
1437, 0.0931630581617
1438, 0.0872967168689
1439, 0.0756119862199
1440, 0.0927853733301
1441, 0.0805962085724
1442, 0.088088542223
1443, 0.0932387784123
1444, 0.0834280848503
1445, 0.0767964273691
1446, 0.0843172743917
1447, 0.0774948075414
1448, 0.0880761146545
1449, 0.0805430933833
1450, 0.0855213999748
1451, 0.0839089974761
1452, 0.0788346379995
1453, 0.0880967602134
1454, 0.083049453795
1455, 0.0912994295359
1456, 0.100004307926
1457, 0.0823469609022
1458, 0.0905937179923
1459, 0.0860536396503
1460, 0.0806329250336
1461, 0.0871596261859
1462, 0.0839746668935
1463, 0.0810978040099
1464, 0.0897313207388
1465, 0.0891722589731
1466, 0.0869369357824
1467, 0.0792695358396
1468, 0.0918330103159
1469, 0.0811052843928
1470, 0.0750072076917
1471, 0.0760258734226
1472, 0.0861743614078
1473, 0.0860506370664
1474, 0.0871265381575
1475, 0.0929171517491
1476, 0.0815477445722
1477, 0.0761209055781
1478, 0.0812006890774
1479, 0.0775858536363
1480, 0.08466424793
1481, 0.0856459140778
1482, 0.0773252770305
1483, 0.0869138091803
1484, 0.0766089856625
1485, 0.0837872847915
1486, 0.0771785229445
1487, 0.0868205577135
1488, 0.0796786397696
1489, 0.0763352066278
1490, 0.0834921523929
1491, 0.0861802771688
1492, 0.0927178785205
1493, 0.0871450304985
1494, 0.0906710922718
1495, 0.0799446776509
1496, 0.0800314992666
1497, 0.0816827639937
1498, 0.0869945585728
1499, 0.0801817402244
1500, 0.0869494304061
1501, 0.0933480709791
1502, 0.0829792171717
1503, 0.0813118740916
1504, 0.0801216140389
1505, 0.0739271044731
1506, 0.0938068404794
1507, 0.0843718871474
1508, 0.0874416530132
1509, 0.0819363892078
1510, 0.0856088027358
1511, 0.0846430808306
1512, 0.0919553637505
1513, 0.0843554660678
1514, 0.0857569649816
1515, 0.0919380337
1516, 0.0885131880641
1517, 0.0842175856233
1518, 0.0859621167183
1519, 0.0785108879209
1520, 0.082600414753
1521, 0.0850520282984
1522, 0.0871860533953
1523, 0.0904179885983
1524, 0.0857975780964
1525, 0.0887878313661
1526, 0.0870079472661
1527, 0.0804333537817
1528, 0.0876469612122
1529, 0.0834867805243
1530, 0.0826857462525
1531, 0.0818741247058
1532, 0.0903234034777
1533, 0.0742256939411
1534, 0.0925467386842
1535, 0.0793116539717
1536, 0.0799535661936
1537, 0.0965938046575
1538, 0.0765974894166
1539, 0.0847173705697
1540, 0.0826095044613
1541, 0.0864591449499
1542, 0.0859559550881
1543, 0.0885408744216
1544, 0.0846173241735
1545, 0.0827234238386
1546, 0.0799520686269
1547, 0.0854049026966
1548, 0.0858440697193
1549, 0.0776707977057
1550, 0.0833426862955
1551, 0.0861009731889
1552, 0.0884299650788
1553, 0.0796213522553
1554, 0.0834341645241
1555, 0.0740609541535
1556, 0.0824115350842
1557, 0.0883791595697
1558, 0.0887024477124
1559, 0.0894700884819
1560, 0.0792101770639
1561, 0.0854937583208
1562, 0.0786201506853
1563, 0.073911651969
1564, 0.0868324935436
1565, 0.0760167017579
1566, 0.0951284244657
1567, 0.0754908248782
1568, 0.0932102575898
1569, 0.0778802260756
1570, 0.0843399688601
1571, 0.0797655656934
1572, 0.0866859927773
1573, 0.0989834964275
1574, 0.0834700986743
1575, 0.0864600688219
1576, 0.0912171304226
1577, 0.0926452726126
1578, 0.0859235301614
1579, 0.0866723656654
1580, 0.0912005603313
1581, 0.0932238176465
1582, 0.085385799408
1583, 0.0775076448917
1584, 0.0904884710908
1585, 0.0895292833447
1586, 0.0856457427144
1587, 0.0902415812016
1588, 0.0948815941811
1589, 0.0873351618648
1590, 0.0908266603947
1591, 0.0818389877677
1592, 0.0951825156808
1593, 0.084122620523
1594, 0.0838733389974
1595, 0.082809150219
1596, 0.0894268378615
1597, 0.0969313159585
1598, 0.0869792848825
1599, 0.0818789452314
1600, 0.0828739032149
1601, 0.0793239548802
1602, 0.0799425691366
1603, 0.088912114501
1604, 0.086864002049
1605, 0.0737525448203
1606, 0.0841589421034
1607, 0.0855644419789
1608, 0.0904044210911
1609, 0.0872356891632
1610, 0.0903707891703
1611, 0.0868826285005
1612, 0.0879636332393
1613, 0.0952740162611
1614, 0.0828036144376
1615, 0.0862885788083
1616, 0.0776489898562
1617, 0.0776298046112
1618, 0.0822230875492
1619, 0.0837824344635
1620, 0.0845699682832
1621, 0.085574619472
1622, 0.085937820375
1623, 0.08447843045
1624, 0.085686288774
1625, 0.0799852833152
1626, 0.0790627673268
1627, 0.0775289684534
1628, 0.0758869946003
1629, 0.0851601883769
1630, 0.0806939303875
1631, 0.0797297954559
1632, 0.0861106291413
1633, 0.089362539351
1634, 0.0878092125058
1635, 0.0834047943354
1636, 0.0906029567122
1637, 0.0849368870258
1638, 0.0884200930595
1639, 0.0830536261201
1640, 0.0889520123601
1641, 0.0915631875396
1642, 0.0891773179173
1643, 0.0883391201496
1644, 0.0743207782507
1645, 0.078295879066
1646, 0.0875771939754
1647, 0.0876850560308
1648, 0.0783501565456
1649, 0.090995118022
1650, 0.0835177823901
1651, 0.0806732624769
1652, 0.0831404104829
1653, 0.0782910808921
1654, 0.0858040452003
1655, 0.0812488272786
1656, 0.0865649804473
1657, 0.0817679017782
1658, 0.0841935053468
1659, 0.0792237743735
1660, 0.0813224464655
1661, 0.0744812861085
1662, 0.0866287723184
1663, 0.0748112499714
1664, 0.0812306255102
1665, 0.0936370790005
1666, 0.0926301330328
1667, 0.0849967896938
1668, 0.0912594869733
1669, 0.0879969596863
1670, 0.0763574168086
1671, 0.0783550068736
1672, 0.087147846818
1673, 0.086282864213
1674, 0.0810336917639
1675, 0.087150670588
1676, 0.0796429142356
1677, 0.0874237418175
1678, 0.0883274674416
1679, 0.0785283371806
1680, 0.0898367241025
1681, 0.0890509188175
1682, 0.0849907919765
1683, 0.0854471549392
1684, 0.0959272459149
1685, 0.0763309299946
1686, 0.0764657407999
1687, 0.0772806629539
1688, 0.0840386077762
1689, 0.0859833657742
1690, 0.081177867949
1691, 0.0894405767322
1692, 0.0883915275335
1693, 0.0785779058933
1694, 0.0931508690119
1695, 0.0857565402985
1696, 0.0818323045969
1697, 0.0819179341197
1698, 0.0808339491487
1699, 0.0793357715011
1700, 0.0805309638381
1701, 0.0873163565993
1702, 0.0829785466194
1703, 0.0901705101132
1704, 0.0852933004498
1705, 0.0831151604652
1706, 0.0870682224631
1707, 0.0794034153223
1708, 0.0762574672699
1709, 0.0805899947882
1710, 0.0785237401724
1711, 0.081178240478
1712, 0.0818982794881
1713, 0.0831229686737
1714, 0.0846521928906
1715, 0.083318144083
1716, 0.0774762183428
1717, 0.0817657113075
1718, 0.0835802704096
1719, 0.0794646069407
1720, 0.0865085199475
1721, 0.0764973461628
1722, 0.0826562047005
1723, 0.0809985026717
1724, 0.0850217938423
1725, 0.0763944238424
1726, 0.0845921635628
1727, 0.0781018659472
1728, 0.0829824507236
1729, 0.0818248093128
1730, 0.087200500071
1731, 0.0832778289914
1732, 0.0791400074959
1733, 0.0860515981913
1734, 0.0807304754853
1735, 0.0723590403795
1736, 0.0934922620654
1737, 0.0825836211443
1738, 0.0816141068935
1739, 0.0864963009953
1740, 0.0770558491349
1741, 0.0768189951777
1742, 0.0822270512581
1743, 0.0804640352726
1744, 0.0787305161357
1745, 0.0784941092134
1746, 0.080483533442
1747, 0.0845449492335
1748, 0.0790575072169
1749, 0.0790648460388
1750, 0.0790555030107
1751, 0.0843882709742
1752, 0.0755752101541
1753, 0.0863304659724
1754, 0.0834152176976
1755, 0.0946540758014
1756, 0.0805709287524
1757, 0.0811483561993
1758, 0.0794024467468
1759, 0.0954238772392
1760, 0.073820412159
1761, 0.0930008217692
1762, 0.0869850590825
1763, 0.0841129869223
1764, 0.0851392149925
1765, 0.0977361500263
1766, 0.0868045166135
1767, 0.0817880034447
1768, 0.0902661383152
1769, 0.0770073905587
1770, 0.0868004411459
1771, 0.0741263777018
1772, 0.0937205776572
1773, 0.0850760787725
1774, 0.0795835331082
1775, 0.0953528955579
1776, 0.0837987288833
1777, 0.0803396180272
1778, 0.0782502144575
1779, 0.093563683331
1780, 0.0957865044475
1781, 0.0825041905046
1782, 0.0820165500045
1783, 0.084760479629
1784, 0.0888029038906
1785, 0.0779472440481
1786, 0.0909087061882
1787, 0.0786448046565
1788, 0.0830408260226
1789, 0.0941724702716
1790, 0.0805636271834
1791, 0.087179325521
1792, 0.0861345380545
1793, 0.0780738219619
1794, 0.0925055444241
1795, 0.0810207650065
1796, 0.091202609241
1797, 0.0892067030072
1798, 0.0922810733318
1799, 0.0786341950297
1800, 0.0868256166577
1801, 0.0823849365115
1802, 0.0988577753305
1803, 0.0856012776494
1804, 0.0839578211308
1805, 0.0894873514771
1806, 0.084487862885
1807, 0.086312443018
1808, 0.0814364925027
1809, 0.0874782055616
1810, 0.0783004909754
1811, 0.0796425268054
1812, 0.0819119587541
1813, 0.0818565934896
1814, 0.0822618529201
1815, 0.0797596946359
1816, 0.0801455676556
1817, 0.0880344733596
1818, 0.0835157558322
1819, 0.0797824040055
1820, 0.0782140567899
1821, 0.0891527161002
1822, 0.080380409956
1823, 0.0825094655156
1824, 0.0882216393948
1825, 0.0810240134597
1826, 0.0843915939331
1827, 0.0901547893882
1828, 0.0881917625666
1829, 0.0858637169003
1830, 0.0825389027596
1831, 0.0921992138028
1832, 0.089043840766
1833, 0.0900808945298
1834, 0.0906103104353
1835, 0.0913363397121
1836, 0.0865045040846
1837, 0.0917318835855
1838, 0.0777626931667
1839, 0.0824886485934
1840, 0.0826166495681
1841, 0.077671661973
1842, 0.0858150199056
1843, 0.0869899913669
1844, 0.0909811854362
1845, 0.0836253166199
1846, 0.0866481363773
1847, 0.0902564972639
1848, 0.071789316833
1849, 0.0811127051711
1850, 0.0811884328723
1851, 0.0761207565665
1852, 0.0836804434657
1853, 0.0843440368772
1854, 0.0891498625278
1855, 0.0895013958216
1856, 0.0836212560534
1857, 0.0840544104576
1858, 0.0774322897196
1859, 0.0821447074413
1860, 0.083758033812
1861, 0.0854643881321
1862, 0.0812494233251
1863, 0.097761914134
1864, 0.0793945789337
1865, 0.0807842612267
1866, 0.0871799662709
1867, 0.0803861916065
1868, 0.0867358073592
1869, 0.0854960158467
1870, 0.0933539420366
1871, 0.0886269211769
1872, 0.080924667418
1873, 0.0876381397247
1874, 0.0820806398988
1875, 0.0921080037951
1876, 0.0849289745092
1877, 0.0924202352762
1878, 0.101313747466
1879, 0.0873142704368
1880, 0.0831760317087
1881, 0.0845929756761
1882, 0.0812708884478
1883, 0.0848574116826
1884, 0.0828051120043
1885, 0.0804854333401
1886, 0.0925293937325
1887, 0.0878488868475
1888, 0.0831671878695
1889, 0.0901762023568
1890, 0.0883244350553
1891, 0.0832319408655
1892, 0.0883826315403
1893, 0.0765582695603
1894, 0.0932222083211
1895, 0.0868375152349
1896, 0.0792515650392
1897, 0.0882483124733
1898, 0.0818306133151
1899, 0.0851302444935
1900, 0.0829519703984
1901, 0.0893906950951
1902, 0.084166444838
1903, 0.0907479301095
1904, 0.0899682641029
1905, 0.0908032432199
1906, 0.0888995453715
1907, 0.0811441764235
1908, 0.0886272341013
1909, 0.0894998461008
1910, 0.0825779810548
1911, 0.0872393995523
1912, 0.0996981337667
1913, 0.0822667703032
1914, 0.0879736021161
1915, 0.0942779481411
1916, 0.0868317261338
1917, 0.0943449884653
1918, 0.0867239460349
1919, 0.0968886464834
1920, 0.086891323328
1921, 0.0904398560524
1922, 0.0917316153646
1923, 0.0893264189363
1924, 0.0857449397445
1925, 0.0911439806223
1926, 0.0809395685792
1927, 0.0946100875735
1928, 0.0905702486634
1929, 0.090480260551
1930, 0.0713824033737
1931, 0.0892543718219
1932, 0.090906329453
1933, 0.0825350880623
1934, 0.0789435505867
1935, 0.0869007781148
1936, 0.0773171037436
1937, 0.0902674645185
1938, 0.0886050537229
1939, 0.0873026698828
1940, 0.0926194563508
1941, 0.0839842706919
1942, 0.0905143544078
1943, 0.0895266160369
1944, 0.111413702369
1945, 0.0945563018322
1946, 0.0929406806827
1947, 0.0980047285557
1948, 0.094681546092
1949, 0.0970461070538
1950, 0.0862044841051
1951, 0.0883551687002
1952, 0.0903774350882
1953, 0.100299611688
1954, 0.0908704325557
1955, 0.0853350758553
1956, 0.0935998260975
1957, 0.0874321907759
1958, 0.0939632579684
1959, 0.087093167007
1960, 0.0856159105897
1961, 0.0895738974214
1962, 0.0889325514436
1963, 0.0903486683965
1964, 0.100913859904
1965, 0.0814104750752
1966, 0.0884684920311
1967, 0.0812594741583
1968, 0.0920606255531
1969, 0.0952922329307
1970, 0.0915718078613
1971, 0.0907016694546
1972, 0.088518127799
1973, 0.0796953141689
1974, 0.0834209918976
1975, 0.0887445956469
1976, 0.0838344022632
1977, 0.0797986909747
1978, 0.0877215415239
1979, 0.0854683890939
1980, 0.0816397741437
1981, 0.0937326401472
1982, 0.0820114538074
1983, 0.0851726680994
1984, 0.0857562348247
1985, 0.0773193314672
1986, 0.0826500579715
1987, 0.0866760537028
1988, 0.0831565484405
1989, 0.0802383795381
1990, 0.0883452370763
1991, 0.0865103676915
1992, 0.0880639478564
1993, 0.091023914516
1994, 0.0891859680414
1995, 0.0872229039669
1996, 0.0813141167164
1997, 0.083402633667
1998, 0.0784893482924
1999, 0.0759598910809
2000, 0.0792028978467
2001, 0.0816607624292
2002, 0.075957454741
2003, 0.0914630293846
2004, 0.0831751674414
2005, 0.0872773677111
2006, 0.0858394503593
2007, 0.0802270099521
2008, 0.0728953480721
2009, 0.0850573256612
2010, 0.0884111225605
2011, 0.0834298208356
2012, 0.0811874270439
2013, 0.0859178006649
2014, 0.0747169852257
2015, 0.0855759456754
2016, 0.0945356041193
2017, 0.0770784765482
2018, 0.0809140875936
2019, 0.0826401114464
2020, 0.0836537480354
2021, 0.0806739032269
2022, 0.0814210548997
2023, 0.0871695354581
2024, 0.077789016068
2025, 0.0859351307154
2026, 0.0720280185342
2027, 0.0781481787562
2028, 0.0880386307836
2029, 0.0891713425517
2030, 0.0822257548571
2031, 0.0906292870641
2032, 0.0859420448542
2033, 0.0804738625884
2034, 0.079608567059
2035, 0.0844073742628
2036, 0.0816878154874
2037, 0.0764418020844
2038, 0.0785321295261
2039, 0.0789958313107
2040, 0.0737016871572
2041, 0.0718226581812
2042, 0.0888625606894
2043, 0.0807885602117
2044, 0.0809215679765
2045, 0.0893818885088
2046, 0.0857783332467
2047, 0.0773755460978
2048, 0.0801972821355
2049, 0.0756903514266
2050, 0.0803002417088
2051, 0.0862447395921
2052, 0.0851617231965
2053, 0.0867356210947
2054, 0.0815072059631
2055, 0.0817100033164
2056, 0.0864905714989
2057, 0.0799052715302
2058, 0.0801052749157
2059, 0.0823015570641
2060, 0.0842931643128
2061, 0.0813966095448
2062, 0.0844271853566
2063, 0.0875862240791
2064, 0.0888010114431
2065, 0.0845032557845
2066, 0.0737817361951
2067, 0.0856919959188
2068, 0.0861054882407
2069, 0.0834394469857
2070, 0.083031244576
2071, 0.0773724466562
2072, 0.0814752578735
2073, 0.0849808976054
2074, 0.07774168998
2075, 0.0817950367928
2076, 0.0775972381234
2077, 0.0900403186679
2078, 0.0806276872754
2079, 0.0766969323158
2080, 0.0763604938984
2081, 0.0829424783587
2082, 0.0819615200162
2083, 0.0798531547189
2084, 0.0836460664868
2085, 0.0846513584256
2086, 0.082536868751
2087, 0.0870754793286
2088, 0.0801138803363
2089, 0.0781444609165
2090, 0.0787061154842
2091, 0.0884219557047
2092, 0.0850733146071
2093, 0.0679757148027
2094, 0.0877445042133
2095, 0.0870021507144
2096, 0.0790894553065
2097, 0.0758953019977
2098, 0.0831526219845
2099, 0.0790183618665
2100, 0.0814956203103
2101, 0.0801877453923
2102, 0.0795279964805
2103, 0.0798151940107
2104, 0.0841587632895
2105, 0.0870142057538
2106, 0.0879085212946
2107, 0.0797002613544
2108, 0.0778099223971
2109, 0.0853731706738
2110, 0.0768903270364
2111, 0.0787472575903
2112, 0.0800716355443
2113, 0.0778872147202
2114, 0.0863149315119
2115, 0.0841607749462
2116, 0.0733245238662
2117, 0.0845523476601
2118, 0.0781807377934
2119, 0.08487893641
2120, 0.0802271440625
2121, 0.0876303017139
2122, 0.0832214877009
2123, 0.0910516902804
2124, 0.082751840353
2125, 0.0880834236741
2126, 0.0913184285164
2127, 0.0849050879478
2128, 0.0943258106709
2129, 0.0855612680316
2130, 0.0830545127392
2131, 0.0840528607368
2132, 0.0779127776623
2133, 0.0751318261027
2134, 0.0720929801464
2135, 0.0923841074109
2136, 0.0779662579298
2137, 0.0729339644313
2138, 0.088637933135
2139, 0.0772629603744
2140, 0.0825257301331
2141, 0.0824272707105
2142, 0.0888182669878
2143, 0.0818308368325
2144, 0.0801673009992
2145, 0.086462251842
2146, 0.0823662355542
2147, 0.0815907791257
2148, 0.0770571902394
2149, 0.0974746271968
2150, 0.0767386630177
2151, 0.0763370096684
2152, 0.0850321874022
2153, 0.0854447931051
2154, 0.0803897827864
2155, 0.0815380588174
2156, 0.082247056067
2157, 0.077567756176
2158, 0.080668322742
2159, 0.0798323303461
2160, 0.0797121077776
2161, 0.0832566395402
2162, 0.078477256
2163, 0.0742852389812
2164, 0.0822077617049
2165, 0.0854222327471
2166, 0.0927496775985
2167, 0.0848407372832
2168, 0.081291899085
2169, 0.088345348835
2170, 0.0813436433673
2171, 0.0935514122248
2172, 0.083529792726
2173, 0.0825627446175
2174, 0.0844816714525
2175, 0.0781970396638
2176, 0.0838955417275
2177, 0.0809430032969
2178, 0.0738422572613
2179, 0.097930803895
2180, 0.0786530300975
2181, 0.0845071896911
2182, 0.0801760554314
2183, 0.0881386399269
2184, 0.0875233262777
2185, 0.0917903333902
2186, 0.0834784135222
2187, 0.0763542056084
2188, 0.074179507792
2189, 0.094209164381
2190, 0.0799148082733
2191, 0.0824921429157
2192, 0.0843796804547
2193, 0.0823649317026
2194, 0.0938090309501
2195, 0.0849487408996
2196, 0.0792448148131
2197, 0.0781690478325
2198, 0.0850261300802
2199, 0.0848878771067
2200, 0.0799127221107
2201, 0.0809012278914
2202, 0.0809164941311
2203, 0.0811962485313
2204, 0.0768912807107
2205, 0.0908232107759
2206, 0.0763123631477
2207, 0.0775611028075
2208, 0.0761092081666
2209, 0.0779411643744
2210, 0.0878000408411
2211, 0.0850792452693
2212, 0.086193613708
2213, 0.0733338519931
2214, 0.0791774913669
2215, 0.0847331061959
2216, 0.0761007592082
2217, 0.0840010270476
2218, 0.0774724856019
2219, 0.0839809775352
2220, 0.0779647007585
2221, 0.083952896297
2222, 0.0864651352167
2223, 0.0697459354997
2224, 0.0870621874928
2225, 0.0789768770337
2226, 0.0871895179152
2227, 0.0833743065596
2228, 0.086250372231
2229, 0.0882438719273
2230, 0.0891251116991
2231, 0.0882015153766
2232, 0.0794785991311
2233, 0.0816806703806
2234, 0.0845621749759
2235, 0.0791552439332
2236, 0.0865113139153
2237, 0.0804130956531
2238, 0.0807194113731
2239, 0.0843974724412
2240, 0.0848438590765
2241, 0.0837960094213
2242, 0.075681656599
2243, 0.0776837170124
2244, 0.0849338173866
2245, 0.085298858583
2246, 0.0752279758453
2247, 0.0866107344627
2248, 0.0821909606457
2249, 0.0863390639424
2250, 0.0729718282819
2251, 0.0859046578407
2252, 0.0825619548559
2253, 0.0849854275584
2254, 0.0874090343714
2255, 0.07505248487
2256, 0.0820441395044
2257, 0.0849412605166
2258, 0.081500813365
2259, 0.0737330541015
2260, 0.0825797468424
2261, 0.0816129520535
2262, 0.0897100046277
2263, 0.0805705934763
2264, 0.0786955356598
2265, 0.0759028941393
2266, 0.0873195305467
2267, 0.0818243920803
2268, 0.0808949023485
2269, 0.0896199047565
2270, 0.0839153155684
2271, 0.0834347680211
2272, 0.0807446986437
2273, 0.0857072398067
2274, 0.0865249186754
2275, 0.0815324261785
2276, 0.0876273736358
2277, 0.0802496522665
2278, 0.079427972436
2279, 0.0790433883667
2280, 0.0842738226056
2281, 0.0883467048407
2282, 0.0782559290528
2283, 0.0816943943501
2284, 0.0835272446275
2285, 0.0902351811528
2286, 0.0932439342141
2287, 0.0872837007046
2288, 0.0926589593291
2289, 0.0877181962132
2290, 0.101299181581
2291, 0.0786522403359
2292, 0.0830066651106
2293, 0.0823126882315
2294, 0.0835388153791
2295, 0.0811187177896
2296, 0.086951173842
2297, 0.087656468153
2298, 0.0849548056722
2299, 0.0883360058069
2300, 0.0841856375337
2301, 0.0868482515216
2302, 0.0767715126276
2303, 0.0859206020832
2304, 0.0850672125816
2305, 0.0869516804814
2306, 0.085250839591
2307, 0.0788653790951
2308, 0.0832380801439
2309, 0.0795427411795
2310, 0.0824671760201
2311, 0.0825977921486
2312, 0.0830808132887
2313, 0.0747348368168
2314, 0.0708492919803
2315, 0.085192732513
2316, 0.0967358276248
2317, 0.0875242725015
2318, 0.0833104178309
2319, 0.0856857299805
2320, 0.0878387019038
2321, 0.093150600791
2322, 0.0867536514997
2323, 0.0815882310271
2324, 0.0912017449737
2325, 0.0808123648167
2326, 0.0948064029217
2327, 0.0873396024108
2328, 0.0955937728286
2329, 0.0889637544751
2330, 0.0746171548963
2331, 0.0816175565124
2332, 0.0910952687263
2333, 0.0875911340117
2334, 0.0850816145539
2335, 0.0827273875475
2336, 0.0804863870144
2337, 0.0859200134873
2338, 0.0766744464636
2339, 0.0784982740879
2340, 0.0778637081385
2341, 0.0820284485817
2342, 0.0782619938254
2343, 0.0837964862585
2344, 0.0787951946259
2345, 0.0785885974765
2346, 0.0797894969583
2347, 0.0888198018074
2348, 0.0940435901284
2349, 0.080662406981
2350, 0.0778900980949
2351, 0.0904094278812
2352, 0.0828614234924
2353, 0.0873643308878
2354, 0.081822745502
2355, 0.0810190290213
2356, 0.088303796947
2357, 0.0791374146938
2358, 0.0916945636272
2359, 0.0915698930621
2360, 0.0846181586385
2361, 0.0901244953275
2362, 0.0883746147156
2363, 0.0807158946991
2364, 0.085475243628
2365, 0.0766270756721
2366, 0.084195792675
2367, 0.0771872848272
2368, 0.0790764167905
2369, 0.0796710848808
2370, 0.0868155807257
2371, 0.0799065157771
2372, 0.0793542340398
2373, 0.0840215235949
2374, 0.08114939183
2375, 0.0796662271023
2376, 0.0681457296014
2377, 0.0866381078959
2378, 0.0729182437062
2379, 0.092484600842
2380, 0.0847802832723
2381, 0.0850939229131
2382, 0.0867109298706
2383, 0.0858324691653
2384, 0.084669046104
2385, 0.073596611619
2386, 0.0797496959567
2387, 0.0778828337789
2388, 0.0852663591504
2389, 0.0756481513381
2390, 0.0819640830159
2391, 0.0865181609988
2392, 0.0807806551456
2393, 0.0888769477606
2394, 0.0748487114906
2395, 0.0852800682187
2396, 0.0858914330602
2397, 0.0885337889194
2398, 0.079088754952
2399, 0.0764444470406
2400, 0.0777182430029
2401, 0.0749650001526
2402, 0.0872303545475
2403, 0.0836606621742
2404, 0.090489000082
2405, 0.0866156071424
2406, 0.0849978476763
2407, 0.0849062278867
2408, 0.0879348143935
2409, 0.0761424601078
2410, 0.0738850310445
2411, 0.0811511799693
2412, 0.0914495587349
2413, 0.0782341584563
2414, 0.0810662135482
2415, 0.0885664597154
2416, 0.0878416672349
2417, 0.0931206047535
2418, 0.0834989994764
2419, 0.0827139317989
2420, 0.0866899862885
2421, 0.0847922340035
2422, 0.091938726604
2423, 0.0856375545263
2424, 0.0874108448625
2425, 0.0815782025456
2426, 0.0848137810826
2427, 0.0810179412365
2428, 0.0912460014224
2429, 0.0849049910903
2430, 0.0829232856631
2431, 0.0781770423055
2432, 0.0875100567937
2433, 0.0804528295994
2434, 0.0784351378679
2435, 0.0786631926894
2436, 0.0902247726917
2437, 0.0825442150235
2438, 0.0804353803396
2439, 0.076692737639
2440, 0.0864488482475
2441, 0.08852006495
2442, 0.0795685276389
2443, 0.0846200585365
2444, 0.0925740376115
2445, 0.082079872489
2446, 0.0963783189654
2447, 0.0757188796997
2448, 0.0886320471764
2449, 0.0760687813163
2450, 0.0856452062726
2451, 0.0770387277007
2452, 0.0811501517892
2453, 0.0804333388805
2454, 0.0779096931219
2455, 0.0807970166206
2456, 0.0811853408813
2457, 0.0789021775126
2458, 0.0886995121837
2459, 0.0827220827341
2460, 0.0800193697214
2461, 0.0837378799915
2462, 0.085078574717
2463, 0.0860317200422
2464, 0.0801022723317
2465, 0.0892827659845
2466, 0.0870738700032
2467, 0.0847115889192
2468, 0.0834195315838
2469, 0.0820945203304
2470, 0.0715734064579
2471, 0.0865357220173
2472, 0.0842392444611
2473, 0.0874174684286
2474, 0.0837747603655
2475, 0.0795937851071
2476, 0.0774770081043
2477, 0.0820210427046
2478, 0.0855448842049
2479, 0.0838228389621
2480, 0.0745720788836
2481, 0.083076916635
2482, 0.076610326767
2483, 0.0835167765617
2484, 0.0937907248735
2485, 0.0831684246659
2486, 0.0776433795691
2487, 0.08192512393
2488, 0.0793699175119
2489, 0.0789285004139
2490, 0.0973099991679
2491, 0.0847923457623
2492, 0.080326423049
2493, 0.0874482095242
2494, 0.0793096423149
2495, 0.0701154172421
2496, 0.0823358520865
2497, 0.0735806152225
2498, 0.0792120918632
2499, 0.076780743897
2500, 0.0815155208111
2501, 0.0842221230268
2502, 0.0800179615617
2503, 0.0788022875786
2504, 0.0809739232063
2505, 0.0784326195717
2506, 0.0817838683724
2507, 0.0808222219348
2508, 0.0782196074724
2509, 0.0729065313935
2510, 0.0827867165208
2511, 0.0826963484287
2512, 0.0792415216565
2513, 0.0760354623199
2514, 0.082350820303
2515, 0.0811053737998
2516, 0.0786263421178
2517, 0.0905772522092
2518, 0.0836180746555
2519, 0.0806901305914
2520, 0.085854396224
2521, 0.0789439156651
2522, 0.0816017612815
2523, 0.0863283723593
2524, 0.0844146832824
2525, 0.078097820282
2526, 0.0761722102761
2527, 0.084418348968
2528, 0.0857062339783
2529, 0.076462469995
2530, 0.0751950442791
2531, 0.0808220282197
2532, 0.0755882561207
2533, 0.0818826705217
2534, 0.0820027962327
2535, 0.0853462666273
2536, 0.0829040035605
2537, 0.0773682296276
2538, 0.086187876761
2539, 0.0766956135631
2540, 0.0764431580901
2541, 0.0801766440272
2542, 0.0876287743449
2543, 0.0768660977483
2544, 0.0759784579277
2545, 0.0769527480006
2546, 0.0792593285441
2547, 0.0775569751859
2548, 0.081845857203
2549, 0.0761158540845
2550, 0.073952242732
2551, 0.0805257037282
2552, 0.0759015604854
2553, 0.0759756937623
2554, 0.0849761292338
2555, 0.0814471617341
2556, 0.0840687304735
2557, 0.0832822322845
2558, 0.0790260285139
2559, 0.0806066915393
2560, 0.0770390555263
2561, 0.0917994976044
2562, 0.0832995325327
2563, 0.0760487988591
2564, 0.069422736764
2565, 0.0788137987256
2566, 0.0800181925297
2567, 0.0929285138845
2568, 0.0809845551848
2569, 0.0745146423578
2570, 0.0821222215891
2571, 0.0736953392625
2572, 0.0786094292998
2573, 0.0849442854524
2574, 0.0782410278916
2575, 0.0761677399278
2576, 0.0773525685072
2577, 0.0813745781779
2578, 0.083856113255
2579, 0.0724983364344
2580, 0.0839409455657
2581, 0.0752350911498
2582, 0.0704110562801
2583, 0.0849634930491
2584, 0.0775430500507
2585, 0.0697803497314
2586, 0.0798342898488
2587, 0.0900425538421
2588, 0.0835998356342
2589, 0.0769596099854
2590, 0.0818254575133
2591, 0.0791911408305
2592, 0.0830631628633
2593, 0.0825283452868
2594, 0.086556494236
2595, 0.0789958462119
2596, 0.0769829377532
2597, 0.0810084193945
2598, 0.0682344138622
2599, 0.0767382010818
2600, 0.0784161984921
2601, 0.0874649062753
2602, 0.0807223618031
2603, 0.0782262384892
2604, 0.0801102817059
2605, 0.0826973095536
2606, 0.0810827165842
2607, 0.0806730687618
2608, 0.0801231786609
2609, 0.0816183686256
2610, 0.0816610828042
2611, 0.0788458883762
2612, 0.0807891264558
2613, 0.0795957744122
2614, 0.0859590023756
2615, 0.0813573002815
2616, 0.0881928727031
2617, 0.0838858932257
2618, 0.0768513828516
2619, 0.0911452695727
2620, 0.0772793292999
2621, 0.0728715062141
2622, 0.0814155191183
2623, 0.0810343697667
2624, 0.0830570831895
2625, 0.0726114585996
2626, 0.0795804336667
2627, 0.0777335315943
2628, 0.0801326110959
2629, 0.0773690119386
2630, 0.076387681067
2631, 0.078569740057
2632, 0.0841365978122
2633, 0.0790479630232
2634, 0.085726827383
2635, 0.0787308141589
2636, 0.0725256428123
2637, 0.0787046775222
2638, 0.0769051611423
2639, 0.0800787061453
2640, 0.078861810267
2641, 0.0880563780665
2642, 0.0801442787051
2643, 0.0796758756042
2644, 0.0775619670749
2645, 0.0786733031273
2646, 0.0830902531743
2647, 0.0794061347842
2648, 0.0792549028993
2649, 0.076032653451
2650, 0.0796897783875
2651, 0.0756057649851
2652, 0.0806725993752
2653, 0.0831648930907
2654, 0.0770489051938
2655, 0.0806968361139
2656, 0.0779495388269
2657, 0.0804871991277
2658, 0.0904753282666
2659, 0.0801973193884
2660, 0.0779846534133
2661, 0.079190865159
2662, 0.0824356079102
2663, 0.0803538486362
2664, 0.0891396179795
2665, 0.0897071436048
2666, 0.0869690552354
2667, 0.0837239697576
2668, 0.0752798467875
2669, 0.0813102573156
2670, 0.0818476378918
2671, 0.0805221274495
2672, 0.0781502351165
2673, 0.0816090479493
2674, 0.0697282254696
2675, 0.0722204223275
2676, 0.0877592116594
2677, 0.083742916584
2678, 0.0804729908705
2679, 0.090564340353
2680, 0.0790198966861
2681, 0.0772061869502
2682, 0.0847739204764
2683, 0.0804026424885
2684, 0.084731452167
2685, 0.0702731013298
2686, 0.0817994624376
2687, 0.078214712441
2688, 0.0870872959495
2689, 0.0843394696712
2690, 0.0850010886788
2691, 0.0840092524886
2692, 0.0860251113772
2693, 0.0783572867513
2694, 0.0658030882478
2695, 0.0881841257215
2696, 0.083909034729
2697, 0.0845552384853
2698, 0.0726577267051
2699, 0.0785207077861
2700, 0.0827946215868
2701, 0.0813710689545
2702, 0.0794964283705
2703, 0.0853732079268
2704, 0.0858215615153
2705, 0.0690960586071
2706, 0.0900460407138
2707, 0.083087541163
2708, 0.0803801715374
2709, 0.079320371151
2710, 0.0850318446755
2711, 0.0882773846388
2712, 0.0851394236088
2713, 0.0788774937391
2714, 0.0871511474252
2715, 0.079039901495
2716, 0.0848827958107
2717, 0.0850009322166
2718, 0.075968593359
2719, 0.0784759223461
2720, 0.0804940536618
2721, 0.0838354676962
2722, 0.0785021483898
2723, 0.0863835886121
2724, 0.0822039991617
2725, 0.0786737501621
2726, 0.077704295516
2727, 0.0884761214256
2728, 0.0831929966807
2729, 0.0885459929705
2730, 0.0738695114851
2731, 0.079227656126
2732, 0.079829365015
2733, 0.0847710520029
2734, 0.0823478996754
2735, 0.0850348472595
2736, 0.089179739356
2737, 0.0882320404053
2738, 0.0801986083388
2739, 0.0747552812099
2740, 0.0854215174913
2741, 0.0803869366646
2742, 0.0750657618046
2743, 0.0811731219292
2744, 0.0852278992534
2745, 0.0803931057453
2746, 0.0816810280085
2747, 0.0787213742733
2748, 0.0834042951465
2749, 0.0855342671275
2750, 0.0800051018596
2751, 0.0840912163258
2752, 0.0826649963856
2753, 0.0769163072109
2754, 0.0797499269247
2755, 0.0829044878483
2756, 0.0802825093269
2757, 0.0722174495459
2758, 0.0777391120791
2759, 0.0765779837966
2760, 0.0878599360585
2761, 0.0755331814289
2762, 0.0684817880392
2763, 0.082068361342
2764, 0.0754322186112
2765, 0.0899792686105
2766, 0.0725566074252
2767, 0.0753292664886
2768, 0.0762689784169
2769, 0.0807743743062
2770, 0.073084756732
2771, 0.0886962488294
2772, 0.0886287689209
2773, 0.0847571417689
2774, 0.0849863886833
2775, 0.08443826437
2776, 0.0755346789956
2777, 0.0767598152161
2778, 0.079916909337
2779, 0.0780381038785
2780, 0.0805912911892
2781, 0.0820909887552
2782, 0.0902701094747
2783, 0.0894614607096
2784, 0.0728502497077
2785, 0.0800188705325
2786, 0.0754930153489
2787, 0.0769585967064
2788, 0.0835002362728
2789, 0.0765906274319
2790, 0.0723049342632
2791, 0.0714678764343
2792, 0.0880541503429
2793, 0.0853690654039
2794, 0.0864249095321
2795, 0.0860589891672
2796, 0.079277805984
2797, 0.0824348554015
2798, 0.0790302082896
2799, 0.0854956507683
2800, 0.078285753727
2801, 0.101022526622
2802, 0.0838436409831
2803, 0.0846330076456
2804, 0.0760066136718
2805, 0.0856912955642
2806, 0.0749716684222
2807, 0.0788171216846
2808, 0.0912894830108
2809, 0.0766887292266
2810, 0.0906036570668
2811, 0.0786461234093
2812, 0.091794796288
2813, 0.081155769527
2814, 0.0868535637856
2815, 0.0821839645505
2816, 0.0861670300364
2817, 0.0860065147281
2818, 0.0832095742226
2819, 0.0856151878834
2820, 0.0723812580109
2821, 0.0935544669628
2822, 0.0795323327184
2823, 0.0763892829418
2824, 0.0907870605588
2825, 0.0871322453022
2826, 0.08716134727
2827, 0.09190184623
2828, 0.0817832797766
2829, 0.0777894631028
2830, 0.0867673903704
2831, 0.0962027832866
2832, 0.0765413567424
2833, 0.0880494564772
2834, 0.0924485176802
2835, 0.0736773461103
2836, 0.0862600505352
2837, 0.0776563510299
2838, 0.0830399170518
2839, 0.0840636640787
2840, 0.0832616016269
2841, 0.0835404023528
2842, 0.0846927985549
2843, 0.0837964117527
2844, 0.079179815948
2845, 0.0907031148672
2846, 0.0730473697186
2847, 0.0749421790242
2848, 0.0915646702051
2849, 0.081009209156
2850, 0.0819460526109
2851, 0.0869015157223
2852, 0.0870021283627
2853, 0.0946649461985
2854, 0.0787598639727
2855, 0.0890421420336
2856, 0.0925241410732
2857, 0.074238575995
2858, 0.0804402828217
2859, 0.0724929273129
2860, 0.0870313495398
2861, 0.0903136208653
2862, 0.0860015824437
2863, 0.0939997583628
2864, 0.0838091820478
2865, 0.0854200273752
2866, 0.0852127447724
2867, 0.0756814926863
2868, 0.0848467648029
2869, 0.0949540659785
2870, 0.0935210734606
2871, 0.0809276029468
2872, 0.0946510434151
2873, 0.0825599581003
2874, 0.0895850658417
2875, 0.0892901420593
2876, 0.0881250724196
2877, 0.0849291235209
2878, 0.0943498238921
2879, 0.0950091034174
2880, 0.0853266194463
2881, 0.0779542773962
2882, 0.0801380798221
2883, 0.0889795348048
2884, 0.0826571062207
2885, 0.0860342532396
2886, 0.0906551033258
2887, 0.0937361642718
2888, 0.0829001888633
2889, 0.0874306708574
2890, 0.0885934233665
2891, 0.087059058249
2892, 0.0849621593952
2893, 0.0833705440164
2894, 0.0842497050762
2895, 0.0785200074315
2896, 0.082315005362
2897, 0.0814803168178
2898, 0.0871619135141
2899, 0.0774255171418
2900, 0.0841797739267
2901, 0.0829159840941
2902, 0.0868492797017
2903, 0.0781755819917
2904, 0.0875451415777
2905, 0.0887707769871
2906, 0.0811339989305
2907, 0.0872487351298
2908, 0.0794790312648
2909, 0.0830558389425
2910, 0.0878896340728
2911, 0.0936110839248
2912, 0.0897539705038
2913, 0.0855133235455
2914, 0.0872671678662
2915, 0.0884599685669
2916, 0.0826612636447
2917, 0.0789691880345
2918, 0.0891328006983
